epoch,time,train/box_loss,train/seg_loss,train/cls_loss,train/dfl_loss,train/sem_loss,metrics/precision(B),metrics/recall(B),metrics/mAP50(B),metrics/mAP50-95(B),metrics/precision(M),metrics/recall(M),metrics/mAP50(M),metrics/mAP50-95(M),val/box_loss,val/seg_loss,val/cls_loss,val/dfl_loss,val/sem_loss,lr/pg0,lr/pg1,lr/pg2
1,34.9779,0.96161,1.39882,2.04271,1.04626,0,0.96271,0.81958,0.98371,0.7087,0.96271,0.81958,0.98371,0.83893,0.94582,0.59053,2.9564,0.85406,0,0.000650794,0.000650794,0.000650794
2,62.1446,0.75652,0.81151,1.2171,0.91745,0,0.96607,1,0.99392,0.76129,0.96607,1,0.99392,0.84189,0.77898,0.9246,1.8073,0.81018,0,0.00130442,0.00130442,0.00130442
3,93.6854,0.7444,0.82141,1.02047,0.90443,0,0.92268,1,0.97137,0.78368,0.92268,1,0.97137,0.78568,0.75477,1.23804,1.37878,0.85204,0,0.00194484,0.00194484,0.00194484
4,123.179,0.747,0.79863,0.90069,0.92974,0,0.97945,1,0.99063,0.83212,0.97945,1,0.99063,0.88357,0.62376,0.44067,0.99774,0.83583,0,0.0019406,0.0019406,0.0019406
5,152.7,0.72078,0.71027,0.79205,0.90983,0,0.97884,1,0.98469,0.76906,0.97884,1,0.98469,0.86061,0.69503,0.45101,0.9723,0.84506,0,0.0019208,0.0019208,0.0019208
6,181.008,0.66989,0.65244,0.70176,0.90011,0,0.95292,0.98413,0.97825,0.83164,0.95292,0.98413,0.97825,0.90385,0.58356,0.55437,0.85514,0.81807,0,0.001901,0.001901,0.001901
7,210.057,0.69244,0.68048,0.67346,0.91261,0,0.94847,1,0.98463,0.8307,0.94847,1,0.98463,0.87306,0.61071,0.51391,0.76742,0.81172,0,0.0018812,0.0018812,0.0018812
8,243.025,0.62863,0.68518,0.60505,0.89998,0,0.97923,1,0.98125,0.83712,0.97923,1,0.98125,0.89645,0.55474,0.50098,0.71445,0.81491,0,0.0018614,0.0018614,0.0018614
9,270.979,0.61751,0.68376,0.56055,0.88969,0,0.9806,1,0.98469,0.89513,0.9806,1,0.98469,0.88872,0.50161,0.47766,0.61093,0.804,0,0.0018416,0.0018416,0.0018416
10,300.904,0.59341,0.67045,0.53882,0.89206,0,0.98152,1,0.98484,0.89816,0.98152,1,0.98484,0.91388,0.49756,0.4545,0.52749,0.80266,0,0.0018218,0.0018218,0.0018218
11,330.299,0.5952,0.74217,0.53182,0.89998,0,0.97513,0.98413,0.98326,0.86066,0.97513,0.98413,0.98326,0.89578,0.50773,0.47806,0.602,0.80335,0,0.001802,0.001802,0.001802
12,358.097,0.56946,0.60046,0.49822,0.88727,0,0.98119,1,0.98125,0.87572,0.98119,1,0.98125,0.90424,0.48019,0.44017,0.47844,0.80439,0,0.0017822,0.0017822,0.0017822
13,385.256,0.57483,0.68057,0.51105,0.88557,0,0.98232,1,0.98125,0.89234,0.98232,1,0.98125,0.89577,0.45712,0.49561,0.43743,0.79352,0,0.0017624,0.0017624,0.0017624
14,413.981,0.56036,0.63692,0.48588,0.88299,0,0.98216,1,0.98359,0.87237,0.98216,1,0.98359,0.89581,0.54481,0.43782,0.54809,0.81232,0,0.0017426,0.0017426,0.0017426
15,442.929,0.52498,0.62399,0.4754,0.87236,0,0.98029,1,0.98,0.87845,0.98029,1,0.98,0.91013,0.49615,0.4473,0.4923,0.80048,0,0.0017228,0.0017228,0.0017228
16,471.38,0.52714,0.60437,0.46036,0.87794,0,0.98144,1,0.98141,0.89926,0.98144,1,0.98141,0.90962,0.472,0.47126,0.45766,0.80181,0,0.001703,0.001703,0.001703
17,500.11,0.51124,0.57223,0.45691,0.84694,0,0.98255,1,0.98219,0.91354,0.98255,1,0.98219,0.89816,0.417,0.4362,0.43644,0.77786,0,0.0016832,0.0016832,0.0016832
18,528.105,0.5223,0.61847,0.43551,0.86654,0,0.96907,0.99454,0.96827,0.86314,0.96907,0.99454,0.96827,0.90521,0.48274,0.41739,0.45197,0.82033,0,0.0016634,0.0016634,0.0016634
19,555.145,0.52695,0.59937,0.45031,0.8792,0,0.97956,1,0.98781,0.91173,0.97956,1,0.98781,0.93336,0.39564,0.40351,0.39427,0.79047,0,0.0016436,0.0016436,0.0016436
20,583.627,0.52369,0.59215,0.4226,0.8759,0,0.98207,1,0.98516,0.90733,0.98207,1,0.98516,0.93346,0.40862,0.39903,0.40366,0.79306,0,0.0016238,0.0016238,0.0016238
21,611.42,0.50313,0.55945,0.41785,0.87168,0,0.9833,1,0.98344,0.90783,0.9833,1,0.98344,0.92385,0.4307,0.41917,0.37828,0.79983,0,0.001604,0.001604,0.001604
22,639.606,0.52182,0.59866,0.42198,0.87992,0,0.98292,1,0.98297,0.89196,0.98292,1,0.98297,0.90854,0.4811,0.41326,0.38787,0.80644,0,0.0015842,0.0015842,0.0015842
23,667.49,0.48841,0.60975,0.40572,0.86681,0,0.97911,1,0.98125,0.89966,0.97911,1,0.98125,0.92773,0.41007,0.36982,0.38453,0.7891,0,0.0015644,0.0015644,0.0015644
24,696.229,0.48638,0.55518,0.40006,0.86903,0,0.98163,1,0.98313,0.90959,0.98163,1,0.98313,0.91717,0.39124,0.40598,0.34961,0.78133,0,0.0015446,0.0015446,0.0015446
25,724.66,0.47468,0.59337,0.38901,0.85979,0,0.96944,1,0.98266,0.9078,0.96944,1,0.98266,0.92038,0.4173,0.3933,0.46545,0.79481,0,0.0015248,0.0015248,0.0015248
26,752.503,0.48447,0.56985,0.40211,0.86657,0,0.98151,1,0.98891,0.91096,0.98151,1,0.98891,0.91417,0.40995,0.42702,0.3814,0.80232,0,0.001505,0.001505,0.001505
27,780.594,0.4802,0.53962,0.37942,0.86533,0,0.96883,1,0.98422,0.92392,0.96883,1,0.98422,0.92137,0.40036,0.41679,0.36899,0.78928,0,0.0014852,0.0014852,0.0014852
28,809.848,0.44801,0.56033,0.36792,0.85924,0,0.97746,1,0.98,0.89779,0.97746,1,0.98,0.91285,0.41498,0.42142,0.38181,0.79892,0,0.0014654,0.0014654,0.0014654
29,838.11,0.45615,0.5624,0.38169,0.85491,0,0.98274,1,0.98734,0.91339,0.98274,1,0.98734,0.93383,0.40628,0.39846,0.34912,0.80065,0,0.0014456,0.0014456,0.0014456
30,867.016,0.45315,0.52981,0.36278,0.85122,0,0.98298,1,0.99016,0.93807,0.98298,1,0.99016,0.90983,0.36762,0.42041,0.32456,0.79216,0,0.0014258,0.0014258,0.0014258
31,896.234,0.45494,0.58095,0.37015,0.86107,0,0.98343,1,0.98563,0.91957,0.98343,1,0.98563,0.93149,0.38249,0.389,0.32335,0.79551,0,0.001406,0.001406,0.001406
32,925.944,0.44575,0.54394,0.35614,0.84727,0,0.98028,1,0.98781,0.91348,0.98028,1,0.98781,0.91636,0.40209,0.40684,0.33962,0.79609,0,0.0013862,0.0013862,0.0013862
33,954.575,0.45712,0.68165,0.36828,0.86412,0,0.98082,1,0.98594,0.91633,0.98082,1,0.98594,0.90969,0.41086,0.43027,0.33636,0.79783,0,0.0013664,0.0013664,0.0013664
34,983.273,0.44375,0.5358,0.35116,0.85209,0,0.9832,1,0.98172,0.92655,0.9832,1,0.98172,0.90702,0.35686,0.40224,0.33209,0.79496,0,0.0013466,0.0013466,0.0013466
35,1010.72,0.43214,0.54998,0.35312,0.84824,0,0.98063,1,0.98344,0.91155,0.98063,1,0.98344,0.91162,0.38054,0.40347,0.33834,0.79397,0,0.0013268,0.0013268,0.0013268
36,1038.87,0.42591,0.54489,0.34287,0.85071,0,0.98337,1,0.98219,0.93093,0.98337,1,0.98219,0.91328,0.33855,0.38561,0.30311,0.7852,0,0.001307,0.001307,0.001307
37,1067.14,0.43823,0.5722,0.34247,0.8588,0,0.96909,1,0.98172,0.92334,0.96909,1,0.98172,0.92357,0.39348,0.42007,0.35102,0.78493,0,0.0012872,0.0012872,0.0012872
38,1094.75,0.42792,0.56061,0.34125,0.85364,0,0.96889,1,0.9825,0.93015,0.96889,1,0.9825,0.93063,0.32913,0.39024,0.31628,0.78766,0,0.0012674,0.0012674,0.0012674
39,1123.41,0.41712,0.52314,0.32616,0.85107,0,0.98348,1,0.98719,0.93109,0.98348,1,0.98719,0.94494,0.3327,0.40841,0.29148,0.78837,0,0.0012476,0.0012476,0.0012476
40,1152,0.41032,0.51177,0.32703,0.84228,0,0.98237,1,0.98172,0.93338,0.98237,1,0.98172,0.91781,0.34294,0.38116,0.32599,0.78881,0,0.0012278,0.0012278,0.0012278
41,1179.29,0.42939,0.53943,0.34458,0.86084,0,0.98328,1,0.98438,0.9111,0.98328,1,0.98438,0.91881,0.38108,0.42235,0.31994,0.78851,0,0.001208,0.001208,0.001208
42,1208.21,0.43992,0.59586,0.34984,0.8602,0,0.9832,1,0.9825,0.92841,0.9832,1,0.9825,0.91193,0.3703,0.40976,0.31337,0.78446,0,0.0011882,0.0011882,0.0011882
43,1237.26,0.42779,0.50505,0.34036,0.85382,0,0.98346,1,0.98063,0.92794,0.98346,1,0.98063,0.91073,0.33515,0.38189,0.30946,0.77809,0,0.0011684,0.0011684,0.0011684
44,1265.74,0.41398,0.55637,0.3289,0.84623,0,0.98349,1,0.98484,0.93074,0.98349,1,0.98484,0.92142,0.33179,0.4016,0.29172,0.78841,0,0.0011486,0.0011486,0.0011486
45,1293.72,0.4031,0.53875,0.31736,0.85232,0,0.98287,1,0.98516,0.94398,0.98287,1,0.98516,0.91187,0.32661,0.37945,0.30069,0.7867,0,0.0011288,0.0011288,0.0011288
46,1322.93,0.39787,0.52281,0.32795,0.85915,0,0.98306,1,0.98188,0.94037,0.98306,1,0.98188,0.91806,0.3179,0.38618,0.30565,0.78134,0,0.001109,0.001109,0.001109
47,1351.76,0.39393,0.53094,0.32869,0.84679,0,0.98284,1,0.98859,0.92403,0.98284,1,0.98859,0.91672,0.37233,0.39103,0.30105,0.78434,0,0.0010892,0.0010892,0.0010892
48,1380.9,0.41171,0.48838,0.31952,0.85202,0,0.98118,1,0.98047,0.92544,0.98118,1,0.98047,0.91885,0.35654,0.36634,0.30103,0.79516,0,0.0010694,0.0010694,0.0010694
49,1409.39,0.39909,0.53823,0.31843,0.84345,0,0.9824,1,0.98047,0.93992,0.9824,1,0.98047,0.9172,0.30783,0.37146,0.29531,0.77895,0,0.0010496,0.0010496,0.0010496
50,1436.96,0.39731,0.50406,0.31672,0.84139,0,0.98288,1,0.98172,0.93929,0.98288,1,0.98172,0.92146,0.31591,0.38266,0.29498,0.7827,0,0.0010298,0.0010298,0.0010298
51,1465.03,0.38109,0.49316,0.32589,0.82321,0,0.98309,1,0.98734,0.93306,0.98309,1,0.98734,0.92795,0.32578,0.36908,0.28928,0.78162,0,0.00101,0.00101,0.00101
52,1494.18,0.38274,0.51428,0.31148,0.84515,0,0.98288,1,0.98594,0.93841,0.98288,1,0.98594,0.91043,0.31527,0.37519,0.29562,0.77484,0,0.0009902,0.0009902,0.0009902
53,1522.9,0.39256,0.52006,0.31941,0.8437,0,0.98346,1,0.99141,0.95181,0.98346,1,0.99141,0.92282,0.30465,0.36946,0.26914,0.77952,0,0.0009704,0.0009704,0.0009704
54,1551,0.39001,0.49227,0.30991,0.84755,0,0.98348,1,0.98438,0.93438,0.98348,1,0.98438,0.92289,0.32911,0.36517,0.29115,0.78201,0,0.0009506,0.0009506,0.0009506
55,1579.48,0.39673,0.5526,0.32977,0.84805,0,0.96532,1,0.99004,0.94153,0.96532,1,0.99004,0.92228,0.33007,0.37988,0.29577,0.7845,0,0.0009308,0.0009308,0.0009308
56,1607.7,0.36806,0.50942,0.29609,0.83504,0,0.98347,1,0.98266,0.93049,0.98347,1,0.98266,0.91101,0.31237,0.3738,0.28236,0.78231,0,0.000911,0.000911,0.000911
57,1635.39,0.3932,0.52298,0.30467,0.84628,0,0.98341,1,0.98344,0.93931,0.98341,1,0.98344,0.92402,0.30687,0.37203,0.27692,0.77991,0,0.0008912,0.0008912,0.0008912
58,1663.79,0.38025,0.48247,0.2944,0.84151,0,0.98336,1,0.98391,0.94913,0.98336,1,0.98391,0.92926,0.28855,0.36364,0.2728,0.77723,0,0.0008714,0.0008714,0.0008714
59,1692.4,0.36458,0.51091,0.29327,0.84985,0,0.9832,1,0.98141,0.94592,0.9832,1,0.98141,0.91181,0.319,0.37679,0.26175,0.78876,0,0.0008516,0.0008516,0.0008516
60,1719.64,0.36895,0.50791,0.28745,0.84842,0,0.98281,1,0.98047,0.95196,0.98281,1,0.98047,0.92229,0.27724,0.38371,0.26187,0.78375,0,0.0008318,0.0008318,0.0008318
61,1746.94,0.36174,0.49785,0.28706,0.83986,0,0.98346,1,0.98219,0.94262,0.98346,1,0.98219,0.91689,0.31204,0.3775,0.25563,0.79634,0,0.000812,0.000812,0.000812
62,1774.65,0.36945,0.49778,0.28527,0.84041,0,0.98349,1,0.98172,0.93686,0.98349,1,0.98172,0.91913,0.3044,0.36605,0.26441,0.78807,0,0.0007922,0.0007922,0.0007922
63,1803.59,0.37215,0.47556,0.29111,0.8399,0,0.98339,1,0.98594,0.95416,0.98339,1,0.98594,0.93025,0.28408,0.38763,0.25715,0.77812,0,0.0007724,0.0007724,0.0007724
64,1832.42,0.39505,0.50704,0.28643,0.8516,0,0.98231,1,0.98125,0.94631,0.98231,1,0.98125,0.9283,0.28699,0.36429,0.26053,0.77488,0,0.0007526,0.0007526,0.0007526
65,1860.69,0.36977,0.486,0.28706,0.84338,0,0.98339,1,0.98469,0.9378,0.98339,1,0.98469,0.91763,0.31474,0.3769,0.25004,0.78233,0,0.0007328,0.0007328,0.0007328
66,1888.66,0.36348,0.48146,0.28378,0.83847,0,0.9833,1,0.97969,0.93428,0.9833,1,0.97969,0.90858,0.30794,0.38177,0.26491,0.7873,0,0.000713,0.000713,0.000713
67,1916.84,0.35965,0.49058,0.28443,0.83878,0,0.98342,1,0.98,0.94554,0.98342,1,0.98,0.91026,0.28762,0.3676,0.25521,0.78454,0,0.0006932,0.0006932,0.0006932
68,1944.81,0.34361,0.44744,0.26806,0.83512,0,0.98353,1,0.98188,0.94888,0.98353,1,0.98188,0.91385,0.30086,0.36095,0.24277,0.78238,0,0.0006734,0.0006734,0.0006734
69,1972.04,0.35554,0.49447,0.28296,0.85079,0,0.98332,1,0.98859,0.95139,0.98332,1,0.98859,0.93637,0.26416,0.36047,0.24287,0.781,0,0.0006536,0.0006536,0.0006536
70,2000.7,0.34138,0.4474,0.26635,0.83822,0,0.98348,1,0.98313,0.95952,0.98348,1,0.98313,0.92413,0.27427,0.35975,0.23845,0.77795,0,0.0006338,0.0006338,0.0006338
71,2028.2,0.35627,0.49623,0.28579,0.84688,0,0.98345,1,0.98016,0.92987,0.98345,1,0.98016,0.91764,0.29773,0.36117,0.24591,0.78418,0,0.000614,0.000614,0.000614
72,2055.72,0.34129,0.46223,0.2562,0.83661,0,0.98346,1,0.98016,0.94474,0.98346,1,0.98016,0.93699,0.28115,0.35123,0.24305,0.7765,0,0.0005942,0.0005942,0.0005942
73,2083.63,0.36291,0.49481,0.26927,0.84098,0,0.98349,1,0.98344,0.95558,0.98349,1,0.98344,0.93058,0.26768,0.36028,0.24021,0.77938,0,0.0005744,0.0005744,0.0005744
74,2112.19,0.34481,0.4683,0.26827,0.83689,0,0.98349,1,0.98391,0.95699,0.98349,1,0.98391,0.92474,0.26359,0.34014,0.23449,0.78144,0,0.0005546,0.0005546,0.0005546
75,2139.15,0.32236,0.42906,0.25104,0.83639,0,0.98353,1,0.98547,0.96605,0.98353,1,0.98547,0.92796,0.26224,0.34854,0.22548,0.77783,0,0.0005348,0.0005348,0.0005348
76,2168.27,0.31815,0.41351,0.25045,0.83132,0,0.98351,1,0.98297,0.94705,0.98351,1,0.98297,0.92422,0.27255,0.3813,0.2348,0.77192,0,0.000515,0.000515,0.000515
77,2195.67,0.32184,0.45128,0.25174,0.82954,0,0.98351,1,0.98219,0.95604,0.98351,1,0.98219,0.93651,0.28181,0.36339,0.23571,0.7787,0,0.0004952,0.0004952,0.0004952
78,2223.08,0.32091,0.47516,0.25471,0.81709,0,0.98354,1,0.98672,0.95733,0.98354,1,0.98672,0.93239,0.27896,0.35547,0.23596,0.78253,0,0.0004754,0.0004754,0.0004754
79,2251.03,0.34674,0.43989,0.25993,0.84454,0,0.98354,1,0.98125,0.94509,0.98354,1,0.98125,0.92337,0.28212,0.39243,0.238,0.77769,0,0.0004556,0.0004556,0.0004556
80,2278.6,0.34384,0.4838,0.26032,0.8324,0,0.98353,1,0.98469,0.96096,0.98353,1,0.98469,0.93104,0.28667,0.34927,0.23882,0.77814,0,0.0004358,0.0004358,0.0004358
81,2306.61,0.32782,0.46623,0.26041,0.83474,0,0.98337,1,0.98469,0.95256,0.98337,1,0.98469,0.91659,0.28541,0.38018,0.23472,0.77691,0,0.000416,0.000416,0.000416
82,2334.4,0.3047,0.4359,0.24082,0.82496,0,0.98341,1,0.98469,0.952,0.98341,1,0.98469,0.92792,0.26759,0.37004,0.24157,0.77907,0,0.0003962,0.0003962,0.0003962
83,2362.31,0.32542,0.48206,0.2561,0.83038,0,0.9835,1,0.98141,0.95582,0.9835,1,0.98141,0.91658,0.26627,0.37579,0.21522,0.78079,0,0.0003764,0.0003764,0.0003764
84,2390.12,0.3215,0.43843,0.24433,0.83093,0,0.9835,1,0.98188,0.95424,0.9835,1,0.98188,0.92271,0.26448,0.35062,0.22254,0.77999,0,0.0003566,0.0003566,0.0003566
85,2417.81,0.32517,0.50009,0.25544,0.84288,0,0.98335,1,0.98094,0.94735,0.98335,1,0.98094,0.93511,0.26785,0.34054,0.22949,0.77999,0,0.0003368,0.0003368,0.0003368
86,2444.58,0.31411,0.44321,0.24413,0.82484,0,0.9835,1,0.98359,0.95713,0.9835,1,0.98359,0.94664,0.26692,0.35569,0.2224,0.77821,0,0.000317,0.000317,0.000317
87,2473.84,0.31075,0.42505,0.2353,0.83023,0,0.98348,1,0.98313,0.95166,0.98348,1,0.98313,0.9347,0.29751,0.35393,0.2392,0.78058,0,0.0002972,0.0002972,0.0002972
88,2503.14,0.30745,0.44738,0.23593,0.83588,0,0.98352,1,0.98469,0.96326,0.98352,1,0.98469,0.93687,0.26318,0.34403,0.22583,0.77858,0,0.0002774,0.0002774,0.0002774
89,2533.02,0.31189,0.47823,0.23686,0.82843,0,0.98352,1,0.98516,0.95967,0.98352,1,0.98516,0.93733,0.25782,0.34323,0.2079,0.77627,0,0.0002576,0.0002576,0.0002576
90,2561.94,0.30588,0.46333,0.23623,0.83749,0,0.98352,1,0.98438,0.95974,0.98352,1,0.98438,0.93567,0.26324,0.34526,0.21669,0.77366,0,0.0002378,0.0002378,0.0002378
91,2586.29,0.23074,0.30337,0.19276,0.77246,0,0.98351,1,0.98734,0.97566,0.98351,1,0.98734,0.92514,0.23712,0.35574,0.21349,0.77552,0,0.000218,0.000218,0.000218
92,2605.71,0.22107,0.3031,0.1824,0.77053,0,0.98353,1,0.99203,0.96262,0.98353,1,0.99203,0.9524,0.28394,0.3539,0.21667,0.77824,0,0.0001982,0.0001982,0.0001982
93,2625.59,0.21829,0.29264,0.17825,0.7722,0,0.98364,1,0.995,0.96528,0.98364,1,0.995,0.93626,0.25986,0.36054,0.20654,0.77347,0,0.0001784,0.0001784,0.0001784
94,2645.74,0.22067,0.28799,0.1836,0.77775,0,0.98365,1,0.995,0.96911,0.98365,1,0.995,0.9332,0.25447,0.35315,0.19926,0.77128,0,0.0001586,0.0001586,0.0001586
95,2664.66,0.21032,0.29517,0.17314,0.76486,0,0.98354,1,0.99391,0.97404,0.98354,1,0.99391,0.95319,0.2427,0.347,0.1959,0.77167,0,0.0001388,0.0001388,0.0001388
96,2685.03,0.20807,0.28782,0.1761,0.77061,0,0.98353,1,0.99203,0.96666,0.98353,1,0.99203,0.94685,0.23657,0.35304,0.19993,0.77281,0,0.000119,0.000119,0.000119
97,2704.97,0.2127,0.29037,0.17339,0.76743,0,0.98353,1,0.99109,0.97303,0.98353,1,0.99109,0.9405,0.23929,0.3453,0.2006,0.77348,0,9.92e-05,9.92e-05,9.92e-05
98,2724.33,0.21177,0.28088,0.17382,0.77515,0,0.98354,1,0.99094,0.97198,0.98354,1,0.99094,0.94324,0.24374,0.34963,0.20414,0.77535,0,7.94e-05,7.94e-05,7.94e-05
99,2743.84,0.20838,0.2856,0.17271,0.76598,0,0.98353,1,0.99016,0.96797,0.98353,1,0.99016,0.94157,0.25331,0.35444,0.20017,0.77534,0,5.96e-05,5.96e-05,5.96e-05
100,2764.13,0.19838,0.27976,0.1664,0.75894,0,0.98354,1,0.98984,0.96678,0.98354,1,0.98984,0.93599,0.24837,0.34935,0.20129,0.77452,0,3.98e-05,3.98e-05,3.98e-05
